scenario,year,load_mean_MW,loss_rate_pct,extra_loss_pct,required_gen_MW,wasted_MW,temp_mean_c
SSP1-2.6,2025,5009.1,6.5,0.0,5357.2998046875,348.20001220703125,11.374
SSP1-2.6,2026,5008.4,6.5,0.0,5356.5,348.20001220703125,11.411
SSP1-2.6,2027,5011.8,6.5,0.0,5360.2001953125,348.3999938964844,11.447
SSP1-2.6,2028,5005.7,6.5,0.0,5353.7001953125,348.0,11.484
SSP1-2.6,2029,5005.9,6.508,0.008,5354.3,348.5,11.521
SSP1-2.6,2030,5004.9,6.523,0.023,5354.1,349.2,11.557
SSP1-2.6,2031,5000.9,6.538,0.038,5350.7,349.8,11.594
SSP1-2.6,2032,4996.7,6.552,0.052,5347.0,350.4,11.631
SSP1-2.6,2033,4995.8,6.567,0.067,5347.0,351.1,11.667
SSP1-2.6,2034,4994.9,6.582,0.082,5346.8,351.9,11.704
SSP1-2.6,2035,4995.8,6.596,0.096,5348.6,352.8,11.741
SSP1-2.6,2036,4994.7,6.611,0.111,5348.3,353.6,11.777
SSP1-2.6,2037,4993.4,6.626,0.126,5347.8,354.3,11.814
SSP1-2.6,2038,4993.0,6.64,0.14,5348.2,355.1,11.851
SSP1-2.6,2039,4992.8,6.655,0.155,5348.8,356.0,11.887
SSP1-2.6,2040,4993.0,6.67,0.17,5349.8,356.8,11.924
SSP1-2.6,2041,4994.7,6.684,0.184,5352.5,357.8,11.961
SSP1-2.6,2042,4987.0,6.699,0.199,5345.1,358.1,11.997
SSP1-2.6,2043,4991.0,6.714,0.214,5350.2,359.2,12.034
SSP1-2.6,2044,4992.1,6.728,0.228,5352.2,360.1,12.071
SSP1-2.6,2045,4987.0,6.743,0.243,5347.6,360.6,12.107
SSP1-2.6,2046,4987.0,6.758,0.258,5348.4,361.4,12.144
SSP1-2.6,2047,4990.2,6.772,0.272,5352.7,362.5,12.181
SSP1-2.6,2048,4990.8,6.787,0.287,5354.2,363.4,12.217
SSP1-2.6,2049,4993.3,6.802,0.302,5357.7,364.4,12.254
SSP1-2.6,2050,4991.3,6.816,0.316,5356.4,365.1,12.291
SSP1-2.6,2051,4991.3,6.818,0.318,5356.5,365.2,12.295
SSP1-2.6,2052,4991.3,6.82,0.32,5356.6,365.3,12.299
SSP1-2.6,2053,4991.4,6.821,0.321,5356.7,365.4,12.303
SSP1-2.6,2054,4991.4,6.823,0.323,5356.9,365.5,12.307
SSP1-2.6,2055,4991.5,6.824,0.324,5357.0,365.6,12.311
SSP1-2.6,2056,4991.2,6.826,0.326,5356.9,365.7,12.315
SSP1-2.6,2057,4991.0,6.828,0.328,5356.7,365.7,12.319
SSP1-2.6,2058,4991.0,6.829,0.329,5356.8,365.8,12.323
SSP1-2.6,2059,4991.0,6.831,0.331,5356.9,365.9,12.327
SSP1-2.6,2060,4991.1,6.832,0.332,5357.1,366.0,12.331
SSP1-2.6,2061,4991.0,6.834,0.334,5357.1,366.1,12.335
SSP1-2.6,2062,4991.0,6.836,0.336,5357.2,366.2,12.339
SSP1-2.6,2063,4990.0,6.837,0.337,5356.2,366.2,12.343
SSP1-2.6,2064,4990.0,6.839,0.339,5356.3,366.3,12.347
SSP1-2.6,2065,4991.0,6.84,0.34,5357.4,366.5,12.351
SSP1-2.6,2066,4991.0,6.842,0.342,5357.6,366.6,12.355
SSP1-2.6,2067,4991.2,6.844,0.344,5357.9,366.7,12.359
SSP1-2.6,2068,4991.2,6.845,0.345,5358.0,366.8,12.363
SSP1-2.6,2069,4991.2,6.847,0.347,5358.1,366.9,12.367
SSP1-2.6,2070,4992.4,6.848,0.348,5359.4,367.0,12.371
SSP1-2.6,2071,4993.3,6.85,0.35,5360.5,367.2,12.375
SSP1-2.6,2072,4995.7,6.852,0.352,5363.2,367.5,12.379
SSP1-2.6,2073,4995.7,6.853,0.353,5363.2,367.6,12.383
SSP1-2.6,2074,4995.7,6.855,0.355,5363.3,367.6,12.387
SSP1-2.6,2075,4995.7,6.856,0.356,5363.5,367.7,12.391
SSP1-2.6,2076,4995.8,6.858,0.358,5363.7,367.8,12.395
SSP1-2.6,2077,4995.9,6.86,0.36,5363.8,367.9,12.399
SSP1-2.6,2078,4995.9,6.861,0.361,5363.9,368.0,12.403
SSP1-2.6,2079,4995.2,6.863,0.363,5363.3,368.1,12.407
SSP1-2.6,2080,4995.6,6.864,0.364,5363.8,368.2,12.411
SSP1-2.6,2081,4995.5,6.866,0.366,5363.8,368.3,12.415
SSP1-2.6,2082,4993.7,6.868,0.368,5361.9,368.2,12.419
SSP1-2.6,2083,4993.6,6.869,0.369,5361.9,368.3,12.423
SSP1-2.6,2084,4994.5,6.871,0.371,5363.0,368.5,12.427
SSP1-2.6,2085,4994.5,6.872,0.372,5363.1,368.6,12.431
SSP1-2.6,2086,4996.0,6.874,0.374,5364.8,368.8,12.435
SSP1-2.6,2087,4996.0,6.876,0.376,5364.9,368.9,12.439
SSP1-2.6,2088,4995.8,6.877,0.377,5364.7,368.9,12.443
SSP1-2.6,2089,4993.9,6.879,0.379,5362.8,368.9,12.447
SSP1-2.6,2090,4994.1,6.88,0.38,5363.1,369.0,12.451
SSP1-2.6,2091,4992.7,6.882,0.382,5361.6,369.0,12.455
SSP1-2.6,2092,4992.7,6.884,0.384,5361.7,369.1,12.459
SSP1-2.6,2093,4992.5,6.885,0.385,5361.7,369.2,12.463
SSP1-2.6,2094,4990.6,6.887,0.387,5359.7,369.1,12.467
SSP1-2.6,2095,4989.8,6.888,0.388,5359.0,369.1,12.471
SSP1-2.6,2096,4989.8,6.89,0.39,5359.1,369.2,12.475
SSP1-2.6,2097,4989.3,6.892,0.392,5358.6,369.3,12.479
SSP1-2.6,2098,4990.0,6.893,0.393,5359.5,369.4,12.483
SSP1-2.6,2099,4989.9,6.895,0.395,5359.4,369.5,12.487
SSP1-2.6,2100,4989.9,6.896,0.396,5359.5,369.6,12.491
SSP2-4.5,2025,5011.6,6.5,0.0,5360.0,348.3999938964844,11.441
SSP2-4.5,2026,5005.7,6.5,0.0,5353.7001953125,348.0,11.491
SSP2-4.5,2027,5005.4,6.516,0.016,5354.3,348.9,11.541
SSP2-4.5,2028,5001.2,6.536,0.036,5350.9,349.8,11.591
SSP2-4.5,2029,4996.2,6.556,0.056,5346.8,350.6,11.641
SSP2-4.5,2030,4991.7,6.576,0.076,5343.1,351.4,11.691
SSP2-4.5,2031,4995.8,6.596,0.096,5348.6,352.8,11.741
SSP2-4.5,2032,4994.3,6.616,0.116,5348.2,353.9,11.791
SSP2-4.5,2033,4993.4,6.636,0.136,5348.4,354.9,11.841
SSP2-4.5,2034,4993.1,6.656,0.156,5349.1,356.1,11.891
SSP2-4.5,2035,4994.2,6.676,0.176,5351.5,357.3,11.941
SSP2-4.5,2036,4990.5,6.696,0.196,5348.7,358.2,11.991
SSP2-4.5,2037,4991.8,6.716,0.216,5351.2,359.4,12.041
SSP2-4.5,2038,4988.9,6.736,0.236,5349.2,360.3,12.091
SSP2-4.5,2039,4987.0,6.756,0.256,5348.3,361.4,12.141
SSP2-4.5,2040,4990.0,6.776,0.276,5352.7,362.7,12.191
SSP2-4.5,2041,4993.6,6.796,0.296,5357.7,364.1,12.241
SSP2-4.5,2042,4991.3,6.816,0.316,5356.4,365.1,12.291
SSP2-4.5,2043,4990.0,6.836,0.336,5356.2,366.2,12.341
SSP2-4.5,2044,4995.7,6.856,0.356,5363.5,367.7,12.391
SSP2-4.5,2045,4996.0,6.876,0.376,5364.9,368.9,12.441
SSP2-4.5,2046,4989.9,6.896,0.396,5359.5,369.6,12.491
SSP2-4.5,2047,4992.8,6.916,0.416,5363.7,371.0,12.541
SSP2-4.5,2048,4987.9,6.936,0.436,5359.7,371.8,12.591
SSP2-4.5,2049,4986.4,6.956,0.456,5359.2,372.8,12.641
SSP2-4.5,2050,4989.1,6.976,0.476,5363.3,374.2,12.691
SSP2-4.5,2051,4992.3,6.984,0.484,5367.1,374.8,12.709
SSP2-4.5,2052,4992.2,6.991,0.491,5367.4,375.2,12.727
SSP2-4.5,2053,4990.6,6.998,0.498,5366.1,375.5,12.745
SSP2-4.5,2054,4991.2,7.005,0.505,5367.2,376.0,12.763
SSP2-4.5,2055,4991.7,7.012,0.512,5368.1,376.4,12.781
SSP2-4.5,2056,4991.2,7.02,0.52,5368.0,376.8,12.799
SSP2-4.5,2057,4991.8,7.027,0.527,5369.1,377.3,12.817
SSP2-4.5,2058,4992.6,7.034,0.534,5370.3,377.7,12.835
SSP2-4.5,2059,4994.2,7.041,0.541,5372.5,378.3,12.853
SSP2-4.5,2060,4994.9,7.048,0.548,5373.6,378.8,12.871
SSP2-4.5,2061,4998.1,7.056,0.556,5377.5,379.4,12.889
SSP2-4.5,2062,4999.5,7.063,0.563,5379.5,379.9,12.907
SSP2-4.5,2063,4997.0,7.07,0.57,5377.2,380.2,12.925
SSP2-4.5,2064,4997.8,7.077,0.577,5378.5,380.6,12.943
SSP2-4.5,2065,4999.5,7.084,0.584,5380.7,381.2,12.961
SSP2-4.5,2066,4998.3,7.092,0.592,5379.8,381.5,12.979
SSP2-4.5,2067,5002.3,7.099,0.599,5384.5,382.2,12.997
SSP2-4.5,2068,5003.3,7.106,0.606,5386.0,382.7,13.015
SSP2-4.5,2069,5005.3,7.113,0.613,5388.6,383.3,13.033
SSP2-4.5,2070,5006.7,7.12,0.62,5390.5,383.8,13.051
SSP2-4.5,2071,5010.6,7.128,0.628,5395.1,384.5,13.069
SSP2-4.5,2072,5006.9,7.135,0.635,5391.6,384.7,13.087
SSP2-4.5,2073,5004.2,7.142,0.642,5389.1,384.9,13.105
SSP2-4.5,2074,5004.9,7.149,0.649,5390.3,385.4,13.123
SSP2-4.5,2075,5004.2,7.156,0.656,5390.0,385.7,13.141
SSP2-4.5,2076,5003.8,7.164,0.664,5389.9,386.1,13.159
SSP2-4.5,2077,5007.4,7.171,0.671,5394.3,386.8,13.177
SSP2-4.5,2078,5006.2,7.178,0.678,5393.3,387.1,13.195
SSP2-4.5,2079,5007.0,7.185,0.685,5394.6,387.6,13.213
SSP2-4.5,2080,5008.7,7.192,0.692,5396.9,388.2,13.231
SSP2-4.5,2081,5003.6,7.2,0.7,5391.8,388.2,13.249
SSP2-4.5,2082,5002.7,7.207,0.707,5391.3,388.5,13.267
SSP2-4.5,2083,5004.2,7.214,0.714,5393.2,389.1,13.285
SSP2-4.5,2084,5004.6,7.221,0.721,5394.1,389.5,13.303
SSP2-4.5,2085,5005.7,7.228,0.728,5395.7,390.0,13.321
SSP2-4.5,2086,5005.2,7.236,0.736,5395.6,390.4,13.339
SSP2-4.5,2087,5004.6,7.243,0.743,5395.4,390.8,13.357
SSP2-4.5,2088,5004.9,7.25,0.75,5396.1,391.2,13.375
SSP2-4.5,2089,5006.0,7.257,0.757,5397.7,391.7,13.393
SSP2-4.5,2090,5005.9,7.264,0.764,5398.0,392.1,13.411
SSP2-4.5,2091,5002.4,7.272,0.772,5394.7,392.3,13.429
SSP2-4.5,2092,5004.1,7.279,0.779,5396.9,392.8,13.447
SSP2-4.5,2093,5004.5,7.286,0.786,5397.7,393.3,13.465
SSP2-4.5,2094,5004.5,7.293,0.793,5398.2,393.7,13.483
SSP2-4.5,2095,5006.3,7.3,0.8,5400.6,394.3,13.501
SSP2-4.5,2096,5005.8,7.308,0.808,5400.4,394.6,13.519
SSP2-4.5,2097,5002.9,7.315,0.815,5397.7,394.8,13.537
SSP2-4.5,2098,5003.1,7.322,0.822,5398.3,395.3,13.555
SSP2-4.5,2099,5003.5,7.329,0.829,5399.2,395.7,13.573
SSP2-4.5,2100,5003.9,7.336,0.836,5400.0,396.2,13.591
SSP5-8.5,2025,5005.9,6.51,0.01,5354.4,348.6,11.524
SSP5-8.5,2026,5001.2,6.536,0.036,5350.9,349.8,11.591
SSP5-8.5,2027,4996.0,6.563,0.063,5346.9,350.9,11.657
SSP5-8.5,2028,4995.3,6.59,0.09,5347.6,352.4,11.724
SSP5-8.5,2029,4994.3,6.616,0.116,5348.2,353.9,11.791
SSP5-8.5,2030,4993.5,6.643,0.143,5348.8,355.3,11.857
SSP5-8.5,2031,4993.0,6.67,0.17,5349.8,356.8,11.924
SSP5-8.5,2032,4990.5,6.696,0.196,5348.7,358.2,11.991
SSP5-8.5,2033,4992.2,6.723,0.223,5352.0,359.8,12.057
SSP5-8.5,2034,4986.9,6.75,0.25,5347.9,361.0,12.124
SSP5-8.5,2035,4990.0,6.776,0.276,5352.7,362.7,12.191
SSP5-8.5,2036,4993.0,6.803,0.303,5357.5,364.5,12.257
SSP5-8.5,2037,4991.0,6.83,0.33,5356.8,365.8,12.324
SSP5-8.5,2038,4995.7,6.856,0.356,5363.5,367.7,12.391
SSP5-8.5,2039,4992.7,6.883,0.383,5361.7,369.0,12.457
SSP5-8.5,2040,4990.9,6.91,0.41,5361.4,370.5,12.524
SSP5-8.5,2041,4987.9,6.936,0.436,5359.7,371.8,12.591
SSP5-8.5,2042,4987.4,6.963,0.463,5360.7,373.3,12.657
SSP5-8.5,2043,4992.2,6.99,0.49,5367.3,375.2,12.724
SSP5-8.5,2044,4991.7,7.016,0.516,5368.3,376.7,12.791
SSP5-8.5,2045,4994.2,7.043,0.543,5372.6,378.4,12.857
SSP5-8.5,2046,4997.2,7.07,0.57,5377.4,380.2,12.924
SSP5-8.5,2047,5001.6,7.096,0.596,5383.6,382.0,12.991
SSP5-8.5,2048,5008.7,7.123,0.623,5392.8,384.1,13.057
SSP5-8.5,2049,5004.5,7.15,0.65,5389.9,385.4,13.124
SSP5-8.5,2050,5003.4,7.176,0.676,5390.2,386.8,13.191
SSP5-8.5,2051,5009.1,7.195,0.695,5397.4,388.3,13.237
SSP5-8.5,2052,5003.2,7.213,0.713,5392.2,388.9,13.283
SSP5-8.5,2053,5005.6,7.232,0.732,5395.8,390.2,13.329
SSP5-8.5,2054,5004.9,7.25,0.75,5396.1,391.2,13.375
SSP5-8.5,2055,5003.4,7.268,0.768,5395.6,392.2,13.421
SSP5-8.5,2056,5004.5,7.287,0.787,5397.8,393.3,13.467
SSP5-8.5,2057,5006.2,7.305,0.805,5400.7,394.5,13.513
SSP5-8.5,2058,5003.1,7.324,0.824,5398.4,395.4,13.559
SSP5-8.5,2059,5004.0,7.342,0.842,5400.5,396.5,13.605
SSP5-8.5,2060,5001.1,7.36,0.86,5398.4,397.3,13.651
SSP5-8.5,2061,4987.0,7.379,0.879,5384.3,397.3,13.697
SSP5-8.5,2062,4971.2,7.397,0.897,5368.3,397.1,13.743
SSP5-8.5,2063,4966.5,7.416,0.916,5364.3,397.8,13.789
SSP5-8.5,2064,4966.5,7.434,0.934,5365.4,398.9,13.835
SSP5-8.5,2065,4963.6,7.452,0.952,5363.3,399.7,13.881
SSP5-8.5,2066,4967.5,7.471,0.971,5368.5,401.1,13.927
SSP5-8.5,2067,4961.4,7.489,0.989,5363.0,401.6,13.973
SSP5-8.5,2068,4969.1,7.508,1.008,5372.4,403.3,14.019
SSP5-8.5,2069,4968.9,7.526,1.026,5373.3,404.4,14.065
SSP5-8.5,2070,4969.2,7.544,1.044,5374.7,405.5,14.111
SSP5-8.5,2071,4969.6,7.563,1.063,5376.1,406.6,14.157
SSP5-8.5,2072,4969.0,7.581,1.081,5376.6,407.6,14.203
SSP5-8.5,2073,4974.9,7.6,1.1,5384.0,409.2,14.249
SSP5-8.5,2074,4973.4,7.618,1.118,5383.5,410.1,14.295
SSP5-8.5,2075,4974.3,7.636,1.136,5385.6,411.3,14.341
SSP5-8.5,2076,4971.7,7.655,1.155,5383.8,412.1,14.387
SSP5-8.5,2077,4968.6,7.673,1.173,5381.6,412.9,14.433
SSP5-8.5,2078,4966.5,7.692,1.192,5380.4,413.8,14.479
SSP5-8.5,2079,4965.1,7.71,1.21,5379.9,414.8,14.525
SSP5-8.5,2080,4967.0,7.728,1.228,5383.1,416.0,14.571
SSP5-8.5,2081,4968.7,7.747,1.247,5386.0,417.2,14.617
SSP5-8.5,2082,4962.0,7.765,1.265,5379.7,417.7,14.663
SSP5-8.5,2083,4959.6,7.784,1.284,5378.2,418.6,14.709
SSP5-8.5,2084,4963.2,7.802,1.302,5383.2,420.0,14.755
SSP5-8.5,2085,4963.1,7.82,1.32,5384.1,421.1,14.801
SSP5-8.5,2086,4963.1,7.839,1.339,5385.2,422.1,14.847
SSP5-8.5,2087,4967.2,7.857,1.357,5390.8,423.6,14.893
SSP5-8.5,2088,4964.6,7.876,1.376,5389.0,424.4,14.939
SSP5-8.5,2089,4965.6,7.894,1.394,5391.2,425.6,14.985
SSP5-8.5,2090,4966.0,7.912,1.412,5392.7,426.7,15.031
SSP5-8.5,2091,4964.2,7.931,1.431,5391.9,427.6,15.077
SSP5-8.5,2092,4965.3,7.949,1.449,5394.1,428.8,15.123
SSP5-8.5,2093,4966.1,7.968,1.468,5396.0,429.9,15.169
SSP5-8.5,2094,4965.6,7.986,1.486,5396.6,431.0,15.215
SSP5-8.5,2095,4967.8,8.004,1.504,5400.1,432.2,15.261
SSP5-8.5,2096,4967.5,8.023,1.523,5400.8,433.3,15.307
SSP5-8.5,2097,4963.4,8.041,1.541,5397.4,434.0,15.353
SSP5-8.5,2098,4965.0,8.06,1.56,5400.2,435.2,15.399
SSP5-8.5,2099,4966.8,8.078,1.578,5403.2,436.5,15.445
SSP5-8.5,2100,4963.3,8.096,1.596,5400.5,437.2,15.491
